Time,EMG1,EMG2,EMG3,EMG4,EMG5,EMG6,EMG7,EMG8
10:58:11:248194,-3,-4,2,16,-4,-8,8,-8
10:58:11:249235,0,-2,-3,-19,1,-4,31,16
10:58:11:263722,-4,-12,-6,-29,-4,0,-7,20
10:58:11:264223,-4,-12,-6,-29,-4,0,-7,20
10:58:11:270340,12,-7,-19,-62,4,-1,-17,-1
10:58:11:277880,-18,-3,0,19,-2,-4,-1,-10
10:58:11:285841,-18,-3,0,19,-2,-4,-1,-10
10:58:11:286646,-22,-8,9,56,21,9,-2,1
10:58:11:300305,10,-2,-6,-10,-4,-1,1,-7
10:58:11:308835,10,-2,-6,-10,-4,-1,1,-7
10:58:11:309040,-9,1,12,33,-18,-3,0,-23
10:58:11:315549,-16,-10,8,1,-8,-7,-13,-15
10:58:11:323307,-16,-10,8,1,-8,-7,-13,-15
10:58:11:330729,40,8,-3,-30,1,8,10,-2
10:58:11:337718,-10,-12,-6,-10,-2,-6,4,7
10:58:11:345168,-10,-12,-6,-10,-2,-6,4,7
10:58:11:352594,-7,0,1,16,-16,-11,-8,-4
10:58:11:360606,27,9,-1,3,14,8,8,10
10:58:11:368391,27,9,-1,3,14,8,8,10
10:58:11:369022,-11,4,-2,-27,1,-8,-8,7
10:58:11:383262,-22,-1,8,20,-7,2,-6,1
10:58:11:384045,-22,-1,8,20,-7,2,-6,1
10:58:11:390085,9,10,7,48,-11,-5,-1,0
10:58:11:398274,12,2,1,-3,23,8,5,5
10:58:11:405405,12,2,1,-3,23,8,5,5
10:58:11:413330,6,-6,-20,-63,-8,-3,-5,-10
10:58:11:420252,-5,5,-17,-71,-10,-3,-4,-14
10:58:11:436078,-5,5,-17,-71,-10,-3,-4,-14
10:58:11:436694,-19,-2,12,6,2,2,-2,-4
10:58:11:443725,8,0,-2,6,-4,-3,-2,6
10:58:11:444187,8,0,-2,6,-4,-3,-2,6
10:58:11:450595,3,5,4,29,17,6,-3,-5
10:58:11:457618,18,5,5,6,-9,-7,2,11
10:58:11:465823,18,5,5,6,-9,-7,2,11
10:58:11:472598,-17,-6,2,-20,-16,-3,-3,1
10:58:11:480528,-2,7,-5,-12,7,2,-1,15
10:58:11:488413,-2,7,-5,-12,7,2,-1,15
10:58:11:489343,-31,-9,3,33,-4,-4,0,-6
10:58:11:503355,-24,-5,-5,10,-7,-2,-2,-9
10:58:11:504083,-24,-5,-5,10,-7,-2,-2,-9
10:58:11:510186,21,2,-5,5,-1,-3,-8,-3
10:58:11:517659,12,1,4,24,-6,-3,4,1
10:58:11:525334,12,1,4,24,-6,-3,4,1
10:58:11:532765,17,4,-4,-8,6,4,14,18
10:58:11:540278,-3,0,7,26,6,-3,-3,-18
10:58:11:548438,-3,0,7,26,6,-3,-3,-18
10:58:11:549222,14,5,4,13,1,-1,2,-7
10:58:11:563484,-5,-8,0,-3,-8,-1,1,-5
10:58:11:564227,-5,-8,0,-3,-8,-1,1,-5
10:58:11:570205,1,5,3,12,5,-1,0,5
10:58:11:577703,-11,1,-3,-17,-1,-2,2,-17
10:58:11:585150,-11,1,-3,-17,-1,-2,2,-17
10:58:11:592775,-10,1,2,7,-5,0,-4,4
10:58:11:600208,8,5,-11,-42,-5,-2,-13,-8
10:58:11:608510,8,5,-11,-42,-5,-2,-13,-8
10:58:11:609232,-4,-7,-16,-20,9,5,1,4
10:58:11:623556,-4,3,7,19,-7,-3,7,3
10:58:11:624366,-4,3,7,19,-7,-3,7,3
10:58:11:630317,1,-6,-6,3,-3,1,3,4
10:58:11:637708,-15,-5,-3,-11,-1,-3,-18,-25
10:58:11:645745,-15,-5,-3,-11,-1,-3,-18,-25
10:58:11:652711,-5,2,12,20,-1,-2,5,-8
10:58:11:669197,4,0,5,21,3,0,3,8
10:58:11:669997,4,0,5,21,3,0,3,8
10:58:11:670554,-4,-6,-6,-48,-10,-5,-1,-4
10:58:11:683344,16,3,-2,13,6,1,3,12
10:58:11:684349,16,3,-2,13,6,1,3,12
10:58:11:690358,9,-8,0,6,-7,-5,-5,-4
10:58:11:697687,-6,1,-7,-12,5,0,-6,-7
10:58:11:705253,-6,1,-7,-12,5,0,-6,-7
10:58:11:712747,-6,-6,0,10,-1,2,-9,-6
10:58:11:720441,2,0,-6,-49,-3,2,9,9
10:58:11:728516,2,0,-6,-49,-3,2,9,9
10:58:11:729225,-12,2,-6,-16,8,1,2,1
10:58:11:743350,4,1,3,22,-5,-5,-2,-13
10:58:11:744216,4,1,3,22,-5,-5,-2,-13
10:58:11:750212,-6,-5,-5,5,1,1,-8,-3
10:58:11:757564,-1,-2,-2,4,0,1,1,2
10:58:11:765337,-1,-2,-2,4,0,1,1,2
10:58:11:772739,4,0,2,10,-8,-7,-6,-6
10:58:11:780091,0,-5,4,22,27,13,5,2
10:58:11:788500,0,-5,4,22,27,13,5,2
10:58:11:789131,10,9,-1,-19,-3,-5,-1,14
10:58:11:803262,-23,7,12,21,-26,-12,-1,-4
10:58:11:804251,-23,7,12,21,-26,-12,-1,-4
10:58:11:810226,-4,-7,2,21,22,6,10,7
10:58:11:817726,18,-1,3,25,0,1,-2,5
10:58:11:825250,18,-1,3,25,0,1,-2,5
10:58:11:832675,-14,-5,-5,-29,-20,-8,1,-3
10:58:11:840447,14,5,3,2,-7,-1,-2,-4
10:58:11:848504,14,5,3,2,-7,-1,-2,-4
10:58:11:849259,-12,-7,2,14,13,7,-2,7
10:58:11:863645,-6,-2,-11,-33,-12,-7,0,6
10:58:11:864126,-6,-2,-11,-33,-12,-7,0,6
10:58:11:870178,-1,4,-8,-47,-18,-5,-3,-15
10:58:11:877822,9,-5,-3,-3,9,3,3,10
10:58:11:885199,9,-5,-3,-3,9,3,3,10
10:58:11:892790,6,-7,-3,17,4,2,-12,-14
10:58:11:900147,3,-2,-7,-14,-6,-2,5,8
10:58:11:916132,3,-2,-7,-14,-6,-2,5,8
10:58:11:916806,8,0,4,18,4,1,-8,-8
10:58:11:923811,-1,-3,-6,4,13,10,-8,-10
10:58:11:924022,-1,-3,-6,4,13,10,-8,-10
10:58:11:930273,-16,2,-3,-19,-2,-3,1,-5
10:58:11:938022,-9,-4,7,26,-15,-17,-3,6
10:58:11:945563,-9,-4,7,26,-15,-17,-3,6
10:58:11:952785,-2,2,-1,8,20,9,-2,1
10:58:11:960746,8,-4,0,4,-3,1,7,7
10:58:11:968382,8,-4,0,4,-3,1,7,7
10:58:11:969226,-2,-5,1,10,-8,-5,2,0
10:58:11:983740,-15,-2,-1,-6,-3,-3,-13,-15
10:58:11:984132,-15,-2,-1,-6,-3,-3,-13,-15
10:58:11:990289,1,8,1,-12,-13,-3,2,-17
10:58:11:997781,-6,-3,2,23,12,1,-3,-3
10:58:12:5235,-6,-3,2,23,12,1,-3,-3
10:58:12:12816,-5,-4,0,22,6,-2,2,8
10:58:12:20303,-9,-1,-9,-13,-7,1,0,-7
10:58:12:28600,-9,-1,-9,-13,-7,1,0,-7
10:58:12:29284,0,-10,5,38,-14,-3,1,4
10:58:12:43437,4,0,-2,-26,11,8,6,0
10:58:12:44249,4,0,-2,-26,11,8,6,0
10:58:12:50310,9,6,7,19,23,6,4,4
10:58:12:57776,8,-3,-8,-85,-19,-10,-5,-11
10:58:12:65176,8,-3,-8,-85,-19,-10,-5,-11
10:58:12:72792,-1,1,-10,-34,-12,-4,6,18
10:58:12:80297,6,0,4,20,-1,-5,-13,-8
10:58:12:88337,6,0,4,20,-1,-5,-13,-8
10:58:12:89013,-3,-2,-5,-16,0,-4,-2,4
10:58:12:103497,3,-6,3,-6,-7,2,0,3
10:58:12:104301,3,-6,3,-6,-7,2,0,3
10:58:12:110331,0,7,4,49,23,5,-2,-6
10:58:12:117818,14,-1,4,43,-1,-2,1,-1
10:58:12:125295,14,-1,4,43,-1,-2,1,-1
10:58:12:132823,1,-6,-8,-27,-18,-5,1,-6
10:58:12:140518,3,-5,-1,14,8,4,1,-8
10:58:12:148584,3,-5,-1,14,8,4,1,-8
10:58:12:149274,-2,7,-4,-16,-5,-4,-6,-5
10:58:12:163593,-10,-1,1,4,7,1,4,12
10:58:12:164306,-10,-1,1,4,7,1,4,12
10:58:12:170288,4,1,-4,-26,3,1,-10,0
10:58:12:177811,-1,1,-3,1,0,-1,9,7
10:58:12:185289,-1,1,-3,1,0,-1,9,7
10:58:12:200819,-6,-21,-27,-57,-11,-2,-2,-3
10:58:12:201795,-2,0,-4,-27,-5,-3,2,-5
10:58:12:208599,-2,0,-4,-27,-5,-3,2,-5
10:58:12:209199,12,12,33,95,2,1,1,1
10:58:12:223441,-16,-7,7,31,10,-1,-2,2
10:58:12:224284,-16,-7,7,31,10,-1,-2,2
10:58:12:230242,-4,1,-12,-54,-4,0,1,-4
10:58:12:237741,-4,4,-5,-3,-9,-11,-11,-5
10:58:12:245562,-4,4,-5,-3,-9,-11,-11,-5
10:58:12:252685,9,1,0,-3,-4,0,4,1
10:58:12:260187,-7,2,2,2,-2,-2,-2,2
10:58:12:267718,-7,2,2,2,-2,-2,-2,2
10:58:12:275096,-10,-10,-12,-17,-4,-4,-3,-4
10:58:12:283237,5,6,-2,1,7,6,9,3
10:58:12:284149,5,6,-2,1,7,6,9,3
10:58:12:290187,-2,3,8,9,-10,-4,-2,-1
10:58:12:305791,2,-2,-12,-28,-6,0,6,13
10:58:12:306963,2,-2,-12,-28,-6,0,6,13
10:58:12:313044,-5,1,2,11,7,0,-6,-5
10:58:12:320218,-4,-6,5,32,-1,-2,1,-2
10:58:12:327644,-4,-6,5,32,-1,-2,1,-2
10:58:12:335269,10,-19,-3,10,-6,-5,-7,4
10:58:12:343784,5,-2,-9,3,7,7,-2,-12
10:58:12:344083,5,-2,-9,3,7,7,-2,-12
10:58:12:350276,5,9,1,5,0,-1,-1,3
10:58:12:365975,-2,-3,-4,-14,-9,-4,-3,4
10:58:12:366610,-2,-3,-4,-14,-9,-4,-3,4
10:58:12:373067,2,3,3,4,13,6,-5,-8
10:58:12:380337,2,2,-4,-14,-11,-11,-6,-4
10:58:12:387677,2,2,-4,-14,-11,-11,-6,-4
10:58:12:395123,-4,-2,-11,-41,7,4,0,3
10:58:12:403281,-5,6,13,45,0,-1,-7,-9
10:58:12:404502,-5,6,13,45,0,-1,-7,-9
10:58:12:410268,1,-4,-2,-22,-21,-8,-3,-14
10:58:12:425923,-8,-1,-1,-11,20,11,14,2
10:58:12:426780,-8,-1,-1,-11,20,11,14,2
10:58:12:432762,10,-4,-19,-65,-7,-5,4,12
10:58:12:440511,-1,-8,0,1,-8,-3,-5,7
10:58:12:447852,-1,-8,0,1,-8,-3,-5,7
10:58:12:455228,-4,3,13,31,3,-1,9,18
10:58:12:463592,-9,-7,-4,-23,-2,0,-11,-7
10:58:12:471111,-9,-7,-4,-23,-2,0,-11,-7
10:58:12:471640,-23,-3,1,10,-5,-2,-15,-3
10:58:12:485948,-2,2,-5,15,-8,-3,4,3
10:58:12:486827,-2,2,-5,15,-8,-3,4,3
10:58:12:500875,-2,8,-2,18,-6,-1,1,-15
10:58:12:501721,5,0,4,28,20,6,4,8
10:58:12:507805,5,0,4,28,20,6,4,8
10:58:12:515144,-7,-2,-1,3,-6,-5,-6,-9
10:58:12:523125,8,3,10,13,-16,-9,-2,1
10:58:12:530970,8,3,10,13,-16,-9,-2,1
10:58:12:531748,-3,-2,1,16,13,2,1,8
10:58:12:545973,-2,-2,-3,-13,-4,-5,-6,-11
10:58:12:546680,-2,-2,-3,-13,-4,-5,-6,-11
10:58:12:552758,3,-3,0,0,-11,-1,2,-5
10:58:12:560341,-2,-2,-1,-7,14,3,-5,-7
10:58:12:567837,-2,-2,-1,-7,14,3,-5,-7
10:58:12:575162,3,-4,-9,-36,-10,-6,-1,1
10:58:12:583620,-8,-1,-5,-18,-5,-1,-2,-14
10:58:12:584513,-8,-1,-5,-18,-5,-1,-2,-14
10:58:12:590305,3,3,12,37,9,-1,3,7
10:58:12:605764,-28,-4,-2,-2,-4,-4,-4,0
10:58:12:606837,-28,-4,-2,-2,-4,-4,-4,0
10:58:12:612839,-1,-1,1,1,-8,-3,-4,-2
10:58:12:620316,10,0,-4,-7,-2,0,3,5
10:58:12:627898,10,0,-4,-7,-2,0,3,5
10:58:12:635247,0,-1,-4,-14,-7,0,6,4
10:58:12:643617,3,-1,-4,-9,14,2,-3,-3
10:58:12:644246,3,-1,-4,-9,14,2,-3,-3
10:58:12:650297,3,-4,-10,-1,13,6,-4,-6
10:58:12:665834,-3,18,4,-1,-13,-3,-1,1
10:58:12:666812,-3,18,4,-1,-13,-3,-1,1
10:58:12:673014,-2,0,-3,-6,-9,-6,1,-3
10:58:12:680288,2,-6,4,19,8,5,4,-5
10:58:12:687627,2,-6,4,19,8,5,4,-5
10:58:12:695258,-5,1,6,19,14,2,1,-5
10:58:12:703310,7,-5,0,-2,-12,-6,-1,3
10:58:12:704194,7,-5,0,-2,-12,-6,-1,3
10:58:12:710139,-5,-4,-18,-81,4,0,-4,-5
10:58:12:725838,-10,-5,-3,-6,-4,-2,-3,-1
10:58:12:726663,-10,-5,-3,-6,-4,-2,-3,-1
10:58:12:732726,3,43,12,24,0,0,5,5
10:58:12:740269,5,-2,-4,-13,-4,-5,-5,-3
10:58:12:747800,5,-2,-4,-13,-4,-5,-5,-3
10:58:12:755667,-1,-13,3,17,2,1,-2,-4
10:58:12:763289,1,2,0,7,0,-1,-2,0
10:58:12:764272,1,2,0,7,0,-1,-2,0
10:58:12:770250,-2,-10,0,4,-4,-1,-1,-2
10:58:12:785852,1,-8,-3,-9,-3,2,1,2
10:58:12:786761,1,-8,-3,-9,-3,2,1,2
10:58:12:792741,1,-6,-2,6,0,-2,-8,-3
10:58:12:800219,-2,-1,-3,-7,-2,0,4,-6
10:58:12:807789,-2,-1,-3,-7,-2,0,4,-6
10:58:12:815264,-5,-3,1,11,0,-6,-10,-7
10:58:12:823459,5,-22,-4,-8,-4,1,-10,-60
10:58:12:824236,5,-22,-4,-8,-4,1,-10,-60
10:58:12:830280,3,-8,-15,1,-4,-5,-27,-43
10:58:12:845952,-3,1,-1,-3,-1,-4,-8,15
10:58:12:846803,-3,1,-1,-3,-1,-4,-8,15
10:58:12:853153,-8,-5,2,4,-4,5,11,11
10:58:12:860243,5,-13,8,5,4,1,1,16
10:58:12:868005,5,-13,8,5,4,1,1,16
10:58:12:875150,7,4,-5,-2,-1,-1,1,23
10:58:12:883696,-3,-4,7,-11,-12,0,3,-3
10:58:12:884206,-3,-4,7,-11,-12,0,3,-3
10:58:12:890290,1,1,-29,9,20,4,8,-5
10:58:12:905879,-1,-2,-16,-5,-9,-9,3,41
10:58:12:906812,-1,-2,-16,-5,-9,-9,3,41
10:58:12:912720,-13,6,34,6,-3,8,2,-66
10:58:12:920457,-28,-28,-12,-13,-7,5,6,17
10:58:12:927858,-28,-28,-12,-13,-7,5,6,17
10:58:12:935221,2,-44,1,1,-4,-3,-1,15
10:58:12:943369,7,14,1,4,5,-2,-6,0
10:58:12:944101,7,14,1,4,5,-2,-6,0
10:58:12:950474,1,0,2,-9,-4,-4,3,8
10:58:12:966173,9,9,1,7,3,-1,-1,-4
10:58:12:966728,9,9,1,7,3,-1,-1,-4
10:58:12:972676,3,11,0,-3,-4,0,7,13
10:58:12:980171,-1,12,4,4,4,0,0,-11
10:58:12:987742,-1,12,4,4,4,0,0,-11
10:58:12:995125,-2,17,-27,-4,-3,-5,-4,15
10:58:13:3397,17,-4,30,6,2,-1,-4,-32
10:58:13:4279,17,-4,30,6,2,-1,-4,-32
10:58:13:10235,-1,-5,6,-3,-9,-6,-4,-1
10:58:13:25949,3,17,3,-2,4,1,3,4
10:58:13:26682,3,17,3,-2,4,1,3,4
10:58:13:32987,0,4,-4,2,0,0,2,-4
10:58:13:40303,1,-3,0,-2,-2,-1,1,18
10:58:13:56201,1,-3,0,-2,-2,-1,1,18
10:58:13:56801,1,30,29,16,6,3,8,-17
10:58:13:63158,0,-10,48,-4,-11,-10,-13,-33
10:58:13:70981,0,-10,48,-4,-11,-10,-13,-33
10:58:13:71767,-8,11,-16,-5,-1,1,0,4
10:58:13:86423,-4,-38,-51,-8,-1,0,-1,7
10:58:13:87200,-4,-38,-51,-8,-1,0,-1,7
10:58:13:93085,11,13,9,2,2,0,1,18
10:58:13:100300,-3,16,5,1,-3,-4,-4,4
10:58:13:107741,-3,16,5,1,-3,-4,-4,4
10:58:13:115187,8,42,26,6,0,2,1,46
10:58:13:123388,-14,-66,-29,-11,2,-3,-4,-23
10:58:13:124269,-14,-66,-29,-11,2,-3,-4,-23
10:58:13:130226,-4,-16,8,-7,-19,-12,-6,-6
10:58:13:145793,8,41,-29,2,14,6,6,7
10:58:13:146997,8,41,-29,2,14,6,6,7
10:58:13:152770,-2,-29,19,-1,-6,-6,-4,1
10:58:13:160304,0,3,-46,-4,3,3,5,16
10:58:13:167775,0,3,-46,-4,3,3,5,16
10:58:13:175222,-5,-18,-29,-1,-7,-5,-4,-8
10:58:13:183385,4,33,84,13,12,5,3,3
10:58:13:184305,4,33,84,13,12,5,3,3
10:58:13:190267,-10,-18,-83,-23,-3,-3,-5,-1
10:58:13:205909,-3,-5,-39,-7,-4,0,1,5
10:58:13:206769,-3,-5,-39,-7,-4,0,1,5
10:58:13:212706,-4,-14,53,14,5,2,3,2
10:58:13:228322,-4,-14,53,14,5,2,3,2
10:58:13:229108,-6,0,11,1,-16,4,2,-1
10:58:13:235279,-1,-5,-53,-20,12,6,2,0
10:58:13:243473,-1,-5,-53,-20,12,6,2,0
10:58:13:244294,4,12,51,33,3,5,1,-2
10:58:13:257677,0,-21,3,20,9,0,-3,-7
10:58:13:266138,0,-21,3,20,9,0,-3,-7
10:58:13:266865,-1,2,-18,-17,-12,-10,0,3
10:58:13:272832,3,12,56,22,-7,-3,-1,-2
10:58:13:288286,3,12,56,22,-7,-3,-1,-2
10:58:13:289036,-17,-36,-41,-10,-5,-10,-9,-8
10:58:13:295256,0,-5,20,-12,0,-3,-2,-2
10:58:13:303307,0,-5,20,-12,0,-3,-2,-2
10:58:13:304348,3,13,-37,-32,-8,-7,-1,3
10:58:13:317871,0,-2,-15,9,0,3,-1,1
10:58:13:334264,0,-2,-15,9,0,3,-1,1
10:58:13:335105,-7,4,-2,-45,0,11,-7,-6
10:58:13:335777,0,5,1,-1,4,0,-1,-1
10:58:13:349073,0,5,1,-1,4,0,-1,-1
10:58:13:349295,2,4,22,7,-12,-13,-2,2
10:58:13:355162,0,-1,22,1,-15,-6,0,-1
10:58:13:363484,0,-1,22,1,-15,-6,0,-1
10:58:13:364311,-1,9,13,17,5,0,1,0
10:58:13:377820,1,2,-11,-21,2,-3,-3,-1
10:58:13:386085,1,2,-11,-21,2,-3,-3,-1
10:58:13:386857,7,5,-37,40,16,1,0,0
10:58:13:392848,0,-5,-4,-9,-2,0,0,-2
10:58:13:408538,0,-5,-4,-9,-2,0,0,-2
10:58:13:409059,1,9,-9,-20,-14,-4,0,2
10:58:13:415139,0,-6,-99,8,27,10,1,0
10:58:13:423431,0,-6,-99,8,27,10,1,0
10:58:13:424223,4,4,10,19,-4,-5,0,0
10:58:13:437840,14,7,24,-19,-19,-5,-1,4
10:58:13:446262,14,7,24,-19,-19,-5,-1,4
10:58:13:446750,8,-10,8,-33,11,8,-3,-23
10:58:13:452811,-6,-5,-1,7,-1,2,-3,-5
10:58:13:468485,-6,-5,-1,7,-1,2,-3,-5
10:58:13:469285,6,8,15,6,-6,-5,3,12
10:58:13:475479,-11,-4,5,10,11,0,-2,-13
10:58:13:483587,-11,-4,5,10,11,0,-2,-13
10:58:13:484333,-1,-1,5,3,-5,-6,-3,0
10:58:13:497681,2,4,10,16,-10,-2,4,11
10:58:13:505794,2,4,10,16,-10,-2,4,11
10:58:13:506763,5,-4,-2,7,8,8,-2,-3
10:58:13:512818,-10,-9,-8,-105,-21,4,4,14
10:58:13:528519,-10,-9,-8,-105,-21,4,4,14
10:58:13:529234,-14,1,9,13,19,-5,-8,-3
10:58:13:535568,16,-1,15,57,9,1,0,1
10:58:13:543421,16,-1,15,57,9,1,0,1
10:58:13:544501,8,1,-48,-16,-25,-10,0,3
10:58:13:557735,19,9,4,17,-2,-3,-4,-19
10:58:13:565954,19,9,4,17,-2,-3,-4,-19
10:58:13:566772,30,0,10,0,11,2,-7,-27
10:58:13:572738,-42,-18,-5,-2,0,0,2,14
10:58:13:588438,-42,-18,-5,-2,0,0,2,14
10:58:13:589141,6,9,16,28,-19,-9,4,10
10:58:13:595231,24,2,11,22,13,1,0,-9
10:58:13:611003,24,2,11,22,13,1,0,-9
10:58:13:611807,12,-4,-2,-31,-8,1,5,9
10:58:13:617741,6,1,8,1,31,15,1,3
10:58:13:625812,6,1,8,1,31,15,1,3
10:58:13:626896,-19,-10,14,19,-6,-2,0,0
10:58:13:632707,-19,-4,-9,-49,-11,-4,-2,-4
10:58:13:648435,-19,-4,-9,-49,-11,-4,-2,-4
10:58:13:649243,-22,0,27,16,8,3,-2,3
10:58:13:655240,13,-10,-17,10,-1,-3,-2,1
10:58:13:663392,13,-10,-17,10,-1,-3,-2,1
10:58:13:664257,1,-3,-4,10,-5,-1,-1,6
10:58:13:686646,13,5,-4,-2,0,-4,-6,-25
10:58:13:687326,13,5,-4,-2,0,-4,-6,-25
10:58:13:688258,-9,-10,-5,10,-1,-3,1,5
10:58:13:692726,6,7,12,16,-2,-5,1,10
10:58:13:708476,6,7,12,16,-2,-5,1,10
10:58:13:709154,-2,-2,8,9,3,6,1,0
10:58:13:715248,-21,2,15,25,-17,-8,-3,-3
10:58:13:723349,-21,2,15,25,-17,-8,-3,-3
10:58:13:724290,-46,-3,8,19,-2,0,-3,-13
10:58:13:737626,4,0,0,2,-5,-6,0,1
10:58:13:746003,4,0,0,2,-5,-6,0,1
10:58:13:746887,-2,5,-8,-23,6,-1,-1,7
10:58:13:752771,-8,-2,-5,-6,-9,-4,-1,-2
10:58:13:768655,-8,-2,-5,-6,-9,-4,-1,-2
10:58:13:769160,3,-7,-10,0,6,6,2,-3
10:58:13:775215,-8,-2,-8,-13,-2,0,-1,5
10:58:13:783444,-8,-2,-8,-13,-2,0,-1,5
10:58:13:784221,13,3,-8,-20,-13,-5,3,0
10:58:13:797707,-6,0,-3,-13,7,12,3,0
10:58:13:805928,-6,0,-3,-13,7,12,3,0
10:58:13:806732,2,-1,-1,0,-2,-3,1,-9
10:58:13:812742,-3,0,-4,8,-4,-7,0,3
10:58:13:828415,-3,0,-4,8,-4,-7,0,3
10:58:13:829106,-8,-5,-6,11,-25,-17,-5,1
10:58:13:835589,-12,-1,-7,-17,8,0,0,-2
10:58:13:843407,-12,-1,-7,-17,8,0,0,-2
10:58:13:844136,5,2,-3,-8,0,-1,-4,3
10:58:13:858346,-3,-2,1,-7,-13,-6,-6,-1
10:58:13:865791,-3,-2,1,-7,-13,-6,-6,-1
10:58:13:866702,9,2,-4,-12,-5,-5,3,2
10:58:13:872661,-43,-7,12,5,16,13,-3,-7
10:58:13:888320,-43,-7,12,5,16,13,-3,-7
10:58:13:889018,2,-3,-2,-9,7,2,-2,-6
10:58:13:895124,12,-3,1,14,-15,-10,-2,1
10:58:13:903386,12,-3,1,14,-15,-10,-2,1
10:58:13:904290,-4,1,1,-6,6,5,2,4
10:58:13:917729,11,-5,-9,-36,-20,-11,-5,-10
10:58:13:925948,11,-5,-9,-36,-20,-11,-5,-10
10:58:13:926778,10,-1,-2,10,19,9,0,-2
10:58:13:932797,4,-2,-4,3,-6,-5,-1,2
10:58:13:948517,4,-2,-4,3,-6,-5,-1,2
10:58:13:949298,-4,2,7,7,-26,-17,-3,-1
10:58:13:955182,1,3,-7,-5,17,12,0,0
10:58:13:963383,1,3,-7,-5,17,12,0,0
10:58:13:964262,-2,2,-1,1,7,1,-1,6
10:58:13:977671,8,1,-3,1,-5,-6,0,1
10:58:13:994100,8,1,-3,1,-5,-6,0,1
10:58:13:994978,-8,0,-1,2,5,2,-2,-3
10:58:13:995759,13,3,5,15,10,1,2,3
10:58:14:8456,13,3,5,15,10,1,2,3
10:58:14:9222,1,0,-1,-6,-1,1,-5,-3
10:58:14:15192,9,3,0,1,-3,-3,0,1
10:58:14:23522,9,3,0,1,-3,-3,0,1
10:58:14:24039,-4,-1,5,17,-13,-1,0,6
10:58:14:37711,-8,-3,0,17,5,-3,-4,1
10:58:14:45909,-8,-3,0,17,5,-3,-4,1
10:58:14:46700,0,0,-4,-1,1,3,-2,-6
10:58:14:52690,-5,0,3,1,-6,-2,-1,-3
10:58:14:68363,-5,0,3,1,-6,-2,-1,-3
10:58:14:69239,5,-2,1,1,-7,-6,-5,-10
10:58:14:75195,-15,-2,-1,-3,14,5,-2,1
10:58:14:83485,-15,-2,-1,-3,14,5,-2,1
10:58:14:84184,12,0,-6,-14,0,-2,0,1
10:58:14:97679,-5,-4,-5,-6,-14,-4,-2,-3
10:58:14:105881,-5,-4,-5,-6,-14,-4,-2,-3
10:58:14:106748,-6,-4,-3,-11,6,3,-1,-1
10:58:14:112669,7,0,-4,-3,-5,-3,5,5
10:58:14:128328,7,0,-4,-3,-5,-3,5,5
10:58:14:129202,-25,-13,-4,-25,21,13,-2,-4
10:58:14:135156,5,0,7,15,3,2,-1,0
10:58:14:143490,5,0,7,15,3,2,-1,0
10:58:14:144125,1,-1,-4,6,-4,-2,0,1
10:58:14:166491,-1,-3,-3,-4,-2,-1,-2,-2
10:58:14:167310,-1,-3,-3,-4,-2,-1,-2,-2
10:58:14:168155,-1,0,-3,-4,3,2,1,0
10:58:14:180181,1,1,-3,-6,-7,-4,-2,-3
10:58:14:188433,1,1,-3,-6,-7,-4,-2,-3
10:58:14:189130,-1,-1,-5,-15,0,-2,-2,-2
10:58:14:195201,-5,-2,8,10,-5,4,4,-1
10:58:14:202749,-5,-2,8,10,-5,4,4,-1
10:58:14:210188,-1,0,0,7,-6,-3,-5,1
10:58:14:217693,-2,-3,-3,-3,-10,-8,-3,-5
10:58:14:225867,-2,-3,-3,-3,-10,-8,-3,-5
10:58:14:226659,1,2,0,4,-3,-2,2,-2
10:58:14:240147,-2,-1,-4,-6,3,-1,-3,-3
10:58:14:248430,-2,-1,-4,-6,3,-1,-3,-3
10:58:14:249267,0,0,-2,-2,3,0,0,0
10:58:14:255236,1,-1,2,21,-2,-4,-2,0
10:58:14:262716,1,-1,2,21,-2,-4,-2,0
10:58:14:270194,-2,-2,-3,-20,1,-1,-1,-1
10:58:14:277715,-1,2,0,11,4,0,4,4
10:58:14:285765,-1,2,0,11,4,0,4,4
10:58:14:286582,-13,-3,-1,-5,-4,-2,-1,0
10:58:14:300213,7,-2,-9,-32,-4,-1,-4,-2
10:58:14:308361,7,-2,-9,-32,-4,-1,-4,-2
10:58:14:309137,-10,-1,-4,-17,1,-2,2,-3
10:58:14:315157,2,1,1,6,3,0,-3,-1
10:58:14:322748,2,1,1,6,3,0,-3,-1
10:58:14:330169,5,3,6,10,-4,-2,-1,-2
10:58:14:337669,2,-4,-5,-5,4,2,-4,-8
10:58:14:345789,2,-4,-5,-5,4,2,-4,-8
10:58:14:346950,4,0,-2,11,1,1,1,3
10:58:14:360221,6,1,-3,-10,-6,-6,-2,0
10:58:14:368365,6,1,-3,-10,-6,-6,-2,0
10:58:14:369137,4,1,2,25,-1,-1,0,-4
10:58:14:375232,0,-3,-1,3,11,5,0,-1
10:58:14:383045,0,-3,-1,3,11,5,0,-1
10:58:14:390187,-10,-3,-1,6,2,1,0,0
10:58:14:397536,-12,-2,-3,-10,-4,-3,-4,-3
10:58:14:413299,-12,-2,-3,-10,-4,-3,-4,-3
10:58:14:414191,8,2,0,-8,-2,-1,-1,0
10:58:14:420138,3,1,-4,0,-8,-7,-2,-6
10:58:14:428405,3,1,-4,0,-8,-7,-2,-6
10:58:14:429147,13,-4,-5,-21,23,14,5,3
10:58:14:435118,2,1,2,0,7,5,2,1
10:58:14:442743,2,1,2,0,7,5,2,1
10:58:14:450165,-3,-5,-5,0,-11,-6,-5,0
10:58:14:457694,-9,-5,0,2,-3,0,-1,1
10:58:14:465916,-9,-5,0,2,-3,0,-1,1
10:58:14:466709,2,0,-2,-6,-7,0,-1,-3
10:58:14:480191,-5,0,3,6,-3,-2,-1,0
10:58:14:488351,-5,0,3,6,-3,-2,-1,0
10:58:14:489179,-3,-1,8,5,3,6,0,-2
10:58:14:495360,2,0,-2,-7,-7,-1,1,0
10:58:14:503075,2,0,-2,-7,-7,-1,1,0
10:58:14:510244,-3,-3,-4,-2,-11,-10,-4,0
10:58:14:517883,-1,-1,-6,-8,-3,-2,-1,-1
10:58:14:525966,-1,-1,-6,-8,-3,-2,-1,-1
10:58:14:526759,-3,2,7,21,4,4,1,-2
10:58:14:540245,0,-2,-3,-13,2,1,-1,-2
10:58:14:548520,0,-2,-3,-13,2,1,-1,-2
10:58:14:549310,2,0,-2,2,-4,-4,-3,0
10:58:14:555123,-11,-2,2,5,-5,-3,0,-5
10:58:14:562968,-11,-2,2,5,-5,-3,0,-5
10:58:14:570303,-14,-8,-5,-14,-1,-7,-3,4
10:58:14:577808,8,4,4,3,7,7,0,4
10:58:14:585823,8,4,4,3,7,7,0,4
10:58:14:586763,3,1,-4,-7,-4,-3,-1,-2
10:58:14:609124,-5,-3,-1,-2,-7,-4,-1,-3
10:58:14:609901,-5,-3,-1,-2,-7,-4,-1,-3
10:58:14:610757,3,0,-3,-5,-5,-5,-2,-2
10:58:14:615694,-5,-6,-3,-9,-3,-2,-2,-3
10:58:14:622855,-5,-6,-3,-9,-3,-2,-2,-3
10:58:14:630303,2,-2,-7,-12,6,-2,0,-2
10:58:14:637668,0,-1,-1,3,-3,-1,-1,1
10:58:14:646077,0,-1,-1,3,-3,-1,-1,1
10:58:14:646657,-4,-2,0,2,-3,1,-1,-1
10:58:14:660222,4,-3,-1,1,-2,-1,-4,-3
10:58:14:668581,4,-3,-1,1,-2,-1,-4,-3
10:58:14:669129,3,1,3,6,-7,-4,-4,-1
10:58:14:675226,-8,3,2,10,12,1,-1,0
10:58:14:688471,-8,3,2,10,12,1,-1,0
10:58:14:690094,5,1,2,0,0,0,-1,0
10:58:14:697674,8,2,0,-10,-9,-1,-2,1
10:58:14:705772,8,2,0,-10,-9,-1,-2,1
10:58:14:706642,-1,1,0,1,4,0,-2,-2
10:58:14:720115,-4,-1,-1,-3,-1,-2,-1,-1
10:58:14:728350,-4,-1,-1,-3,-1,-2,-1,-1
10:58:14:729134,3,-2,-1,3,-1,-1,1,1
10:58:14:735115,-2,0,-1,6,3,-1,0,0
10:58:14:750851,-2,0,-1,6,3,-1,0,0
10:58:14:751618,-2,1,-4,-6,-9,-4,-1,-4
10:58:14:757693,4,0,-3,-3,0,-2,-1,0
10:58:14:765870,4,0,-3,-3,0,-2,-1,0
10:58:14:766762,-12,-6,-6,-11,0,0,0,-1
10:58:14:780379,-4,-4,-7,-23,-10,-3,-4,-3
10:58:14:788439,-4,-4,-7,-23,-10,-3,-4,-3
10:58:14:789195,3,2,1,0,7,1,-3,-9
10:58:14:795524,-12,-6,1,4,-2,-2,0,-6
10:58:14:802827,-12,-6,1,4,-2,-2,0,-6
10:58:14:810225,-2,-2,0,5,-7,-3,-4,-3
10:58:14:817676,3,3,2,17,7,4,3,3
10:58:14:826223,3,3,2,17,7,4,3,3
10:58:14:826742,-4,0,-1,-20,4,3,-1,0
10:58:14:840514,2,-1,-1,-4,-7,-4,-3,2
10:58:14:848441,2,-1,-1,-4,-7,-4,-3,2
10:58:14:849144,4,2,-4,4,-2,-1,0,2
10:58:14:855445,0,1,3,7,6,4,2,1
10:58:14:862742,0,1,3,7,6,4,2,1
10:58:14:870192,-3,-2,7,25,4,3,2,1
10:58:14:877681,3,-3,0,3,-5,-3,-1,-1
10:58:14:885844,3,-3,0,3,-5,-3,-1,-1
10:58:14:886706,-2,0,-2,-1,1,0,-1,0
10:58:14:900146,-1,-2,1,-3,-5,-4,-2,0
10:58:14:916472,-1,-2,1,-3,-5,-4,-2,0
10:58:14:917299,-3,-1,0,-6,-5,-1,1,1
10:58:14:918159,7,-4,-3,-6,1,1,0,1
10:58:14:922747,7,-4,-3,-6,1,1,0,1
10:58:14:930153,-1,-3,-3,-1,-4,-3,-2,-3
10:58:14:937723,-4,0,-4,-3,1,0,-1,-2
10:58:14:945915,-4,0,-4,-3,1,0,-1,-2
10:58:14:946726,7,1,-2,-7,-2,0,-1,2
10:58:14:960216,-15,-4,1,-4,0,-1,-1,-2
10:58:14:968367,-15,-4,1,-4,0,-1,-1,-2
10:58:14:969247,0,0,-7,-6,-3,-4,-1,-2
10:58:14:975159,2,-1,-7,-10,-10,-4,-3,-1
10:58:14:982755,2,-1,-7,-10,-10,-4,-3,-1
10:58:14:990429,2,0,1,3,5,3,1,0
10:58:14:997547,-13,-1,-2,7,7,2,1,-1
10:58:15:5858,-13,-1,-2,7,7,2,1,-1
10:58:15:6709,0,-2,2,1,-9,-2,-2,-2
10:58:15:20161,8,1,1,-4,5,4,-1,0
10:58:15:28600,8,1,1,-4,5,4,-1,0
10:58:15:29147,-3,0,2,0,7,0,1,-1
10:58:15:35195,6,-3,-1,-3,-6,-4,-3,-1
10:58:15:42852,6,-3,-1,-3,-6,-4,-3,-1
10:58:15:50288,-1,-3,-1,-2,-2,-2,-3,-1
10:58:15:57834,2,2,-3,-3,-3,-4,-1,-2
10:58:15:65853,2,2,-3,-3,-3,-4,-1,-2
10:58:15:66960,-2,1,3,5,0,-1,-2,0
10:58:15:80191,-8,-4,-1,6,2,-2,-3,-1
10:58:15:88423,-8,-4,-1,6,2,-2,-3,-1
10:58:15:89039,-2,2,-1,2,4,1,0,-1
10:58:15:95272,1,-2,-3,-9,-5,-1,-2,-2
10:58:15:102799,1,-2,-3,-9,-5,-1,-2,-2
10:58:15:110254,1,-1,1,1,1,0,-1,-1
10:58:15:117682,0,-1,-2,-2,-3,-3,-1,0
10:58:15:125271,0,-1,-2,-2,-3,-3,-1,0
10:58:15:132586,-2,-2,-4,-5,-2,-1,-4,-2
10:58:15:140226,3,0,-3,-4,-3,-2,-1,-3
10:58:15:148351,3,0,-3,-4,-3,-2,-1,-3
10:58:15:149151,-2,-2,0,2,7,6,2,-2
10:58:15:163394,2,-1,-1,-1,-1,-2,-2,-1
10:58:15:164255,2,-1,-1,-1,-1,-2,-2,-1
10:58:15:170285,-2,-1,-4,-4,-8,-2,-1,0
10:58:15:177771,1,2,2,11,1,-2,-1,-2
10:58:15:185345,1,2,2,11,1,-2,-1,-2
10:58:15:192596,-4,-1,0,0,-6,-3,-3,-2
