Time,ORI1,ORI2,ORI3,ORI4,ACC1,ACC2,ACC3,GYR1,GYR2,GYR3
10:59:54:963926,-9403,7090,-684,11370,1069,-1138,1302,-48,55,-72
10:59:54:970094,-9403,7090,-684,11370,1069,-1138,1302,-48,55,-72
10:59:54:977548,-9403,7090,-684,11370,1069,-1138,1302,-48,55,-72
10:59:54:984999,-9394,7083,-690,11381,1079,-1126,1270,-20,60,-68
10:59:54:992894,-9394,7083,-690,11381,1079,-1126,1270,-20,60,-68
10:59:55:433,-9394,7083,-690,11381,1079,-1126,1270,-20,60,-68
10:59:55:8501,-9386,7075,-696,11393,1085,-1113,1255,-16,71,-62
10:59:55:8975,-9386,7075,-696,11393,1085,-1113,1255,-16,71,-62
10:59:55:23570,-9386,7075,-696,11393,1085,-1113,1255,-16,71,-62
10:59:55:24002,-9377,7065,-704,11405,1101,-1137,1280,-16,88,-63
10:59:55:30456,-9377,7065,-704,11405,1101,-1137,1280,-16,88,-63
10:59:55:37727,-9377,7065,-704,11405,1101,-1137,1280,-16,88,-63
10:59:55:45707,-9366,7057,-714,11419,1126,-1148,1281,-36,99,-64
10:59:55:53137,-9366,7057,-714,11419,1126,-1148,1281,-36,99,-64
10:59:55:60147,-9366,7057,-714,11419,1126,-1148,1281,-36,99,-64
10:59:55:67532,-9353,7050,-730,11433,1121,-1147,1289,-65,109,-67
10:59:55:74830,-9353,7050,-730,11433,1121,-1147,1289,-65,109,-67
10:59:55:83055,-9353,7050,-730,11433,1121,-1147,1289,-65,109,-67
10:59:55:83846,-9338,7046,-748,11446,1105,-1134,1275,-90,104,-59
10:59:55:89930,-9338,7046,-748,11446,1105,-1134,1275,-90,104,-59
10:59:55:105601,-9338,7046,-748,11446,1105,-1134,1275,-90,104,-59
10:59:55:106879,-9325,7043,-769,11458,1084,-1143,1305,-107,91,-49
10:59:55:113047,-9325,7043,-769,11458,1084,-1143,1305,-107,91,-49
10:59:55:120274,-9325,7043,-769,11458,1084,-1143,1305,-107,91,-49
10:59:55:127609,-9317,7036,-784,11467,1070,-1120,1300,-64,75,-35
10:59:55:134950,-9317,7036,-784,11467,1070,-1120,1300,-64,75,-35
10:59:55:143147,-9317,7036,-784,11467,1070,-1120,1300,-64,75,-35
10:59:55:143950,-9312,7028,-794,11476,1062,-1105,1318,-45,59,-27
10:59:55:149949,-9312,7028,-794,11476,1062,-1105,1318,-45,59,-27
10:59:55:165404,-9312,7028,-794,11476,1062,-1105,1318,-45,59,-27
10:59:55:173703,-9308,7021,-803,11483,1059,-1114,1318,-38,43,-29
10:59:55:173882,-9308,7021,-803,11483,1059,-1114,1318,-38,43,-29
10:59:55:180336,-9308,7021,-803,11483,1059,-1114,1318,-38,43,-29
10:59:55:195869,-9305,7012,-806,11490,1067,-1104,1339,-19,31,-27
10:59:55:196745,-9305,7012,-806,11490,1067,-1104,1339,-19,31,-27
10:59:55:203673,-9305,7012,-806,11490,1067,-1104,1339,-19,31,-27
10:59:55:203883,-9303,7004,-809,11496,1052,-1102,1333,-14,21,-26
10:59:55:210537,-9303,7004,-809,11496,1052,-1102,1333,-14,21,-26
10:59:55:226221,-9303,7004,-809,11496,1052,-1102,1333,-14,21,-26
10:59:55:226432,-9304,6994,-812,11502,1025,-1111,1346,-3,14,-26
10:59:55:233009,-9304,6994,-812,11502,1025,-1111,1346,-3,14,-26
10:59:55:240343,-9304,6994,-812,11502,1025,-1111,1346,-3,14,-26
10:59:55:247984,-9307,6984,-813,11506,1016,-1125,1357,15,-3,-23
10:59:55:254997,-9307,6984,-813,11506,1016,-1125,1357,15,-3,-23
10:59:55:263697,-9307,6984,-813,11506,1016,-1125,1357,15,-3,-23
10:59:55:263917,-9312,6975,-808,11507,1016,-1128,1328,48,-22,-16
10:59:55:270509,-9312,6975,-808,11507,1016,-1128,1328,48,-22,-16
10:59:55:286220,-9312,6975,-808,11507,1016,-1128,1328,48,-22,-16
10:59:55:286451,-9320,6968,-801,11505,1031,-1147,1334,61,-41,-12
10:59:55:292533,-9320,6968,-801,11505,1031,-1147,1334,61,-41,-12
10:59:55:300538,-9320,6968,-801,11505,1031,-1147,1334,61,-41,-12
10:59:55:308054,-9327,6965,-793,11502,1064,-1171,1326,60,-47,-7
10:59:55:315250,-9327,6965,-793,11502,1064,-1171,1326,60,-47,-7
10:59:55:323694,-9327,6965,-793,11502,1064,-1171,1326,60,-47,-7
10:59:55:323902,-9333,6964,-783,11498,1084,-1180,1326,62,-56,-9
10:59:55:330042,-9333,6964,-783,11498,1084,-1180,1326,62,-56,-9
10:59:55:346128,-9333,6964,-783,11498,1084,-1180,1326,62,-56,-9
10:59:55:346529,-9338,6969,-774,11492,1110,-1180,1312,45,-68,2
10:59:55:352472,-9338,6969,-774,11492,1110,-1180,1312,45,-68,2
10:59:55:359961,-9338,6969,-774,11492,1110,-1180,1312,45,-68,2
10:59:55:367633,-9344,6975,-767,11484,1106,-1164,1291,33,-69,16
10:59:55:374928,-9344,6975,-767,11484,1106,-1164,1291,33,-69,16
10:59:55:383394,-9344,6975,-767,11484,1106,-1164,1291,33,-69,16
10:59:55:384106,-9351,6982,-760,11474,1111,-1138,1271,32,-66,37
10:59:55:390070,-9351,6982,-760,11474,1111,-1138,1271,32,-66,37
10:59:55:405720,-9351,6982,-760,11474,1111,-1138,1271,32,-66,37
10:59:55:406606,-9361,6985,-755,11464,1087,-1111,1258,36,-56,55
10:59:55:412565,-9361,6985,-755,11464,1087,-1111,1258,36,-56,55
10:59:55:419896,-9361,6985,-755,11464,1087,-1111,1258,36,-56,55
10:59:55:427646,-9373,6987,-751,11454,1086,-1112,1248,38,-46,66
10:59:55:435073,-9373,6987,-751,11454,1086,-1112,1248,38,-46,66
10:59:55:443296,-9373,6987,-751,11454,1086,-1112,1248,38,-46,66
10:59:55:444143,-9384,6989,-749,11444,1077,-1115,1256,33,-38,62
10:59:55:449964,-9384,6989,-749,11444,1077,-1115,1256,33,-38,62
10:59:55:466453,-9384,6989,-749,11444,1077,-1115,1256,33,-38,62
10:59:55:467213,-9394,6990,-747,11435,1088,-1131,1268,33,-36,59
10:59:55:472628,-9394,6990,-747,11435,1088,-1131,1268,33,-36,59
10:59:55:480172,-9394,6990,-747,11435,1088,-1131,1268,33,-36,59
10:59:55:487776,-9404,6990,-747,11427,1084,-1127,1294,18,-33,55
10:59:55:495202,-9404,6990,-747,11427,1084,-1127,1294,18,-33,55
10:59:55:503358,-9404,6990,-747,11427,1084,-1127,1294,18,-33,55
10:59:55:504187,-9413,6991,-751,11418,1073,-1147,1311,-1,-37,57
10:59:55:510374,-9413,6991,-751,11418,1073,-1147,1311,-1,-37,57
10:59:55:525613,-9413,6991,-751,11418,1073,-1147,1311,-1,-37,57
10:59:55:533424,-9424,6993,-753,11408,1056,-1126,1328,-6,-56,67
10:59:55:534198,-9424,6993,-753,11408,1056,-1126,1328,-6,-56,67
10:59:55:540186,-9424,6993,-753,11408,1056,-1126,1328,-6,-56,67
10:59:55:547646,-9438,6994,-752,11396,1041,-1129,1345,12,-80,76
10:59:55:555218,-9438,6994,-752,11396,1041,-1129,1345,12,-80,76
10:59:55:563153,-9438,6994,-752,11396,1041,-1129,1345,12,-80,76
10:59:55:564247,-9458,6993,-746,11380,1028,-1118,1357,43,-104,92
10:59:55:570597,-9458,6993,-746,11380,1028,-1118,1357,43,-104,92
10:59:55:585829,-9458,6993,-746,11380,1028,-1118,1357,43,-104,92
10:59:55:586426,-9479,6992,-733,11364,1046,-1109,1356,71,-123,93
10:59:55:600968,-9479,6992,-733,11364,1046,-1109,1356,71,-123,93
10:59:55:601530,-9479,6992,-733,11364,1046,-1109,1356,71,-123,93
10:59:55:607883,-9500,6994,-715,11347,1083,-1114,1360,79,-137,91
10:59:55:614931,-9500,6994,-715,11347,1083,-1114,1360,79,-137,91
10:59:55:623297,-9500,6994,-715,11347,1083,-1114,1360,79,-137,91
10:59:55:624113,-9518,6999,-699,11330,1106,-1139,1330,72,-133,85
10:59:55:630143,-9518,6999,-699,11330,1106,-1139,1330,72,-133,85
10:59:55:645731,-9518,6999,-699,11330,1106,-1139,1330,72,-133,85
10:59:55:646596,-9535,7004,-683,11314,1117,-1129,1302,76,-113,83
10:59:55:652375,-9535,7004,-683,11314,1117,-1129,1302,76,-113,83
10:59:55:660463,-9535,7004,-683,11314,1117,-1129,1302,76,-113,83
10:59:55:667626,-9551,7006,-667,11299,1120,-1107,1283,82,-95,83
10:59:55:675014,-9551,7006,-667,11299,1120,-1107,1283,82,-95,83
10:59:55:683527,-9551,7006,-667,11299,1120,-1107,1283,82,-95,83
10:59:55:684071,-9564,7014,-657,11284,1129,-1122,1250,51,-83,83
10:59:55:690045,-9564,7014,-657,11284,1129,-1122,1250,51,-83,83
10:59:55:705800,-9564,7014,-657,11284,1129,-1122,1250,51,-83,83
10:59:55:706629,-9578,7021,-648,11268,1137,-1134,1247,52,-76,90
10:59:55:712437,-9578,7021,-648,11268,1137,-1134,1247,52,-76,90
10:59:55:720152,-9578,7021,-648,11268,1137,-1134,1247,52,-76,90
10:59:55:727604,-9592,7026,-639,11253,1145,-1122,1232,57,-63,96
10:59:55:735005,-9592,7026,-639,11253,1145,-1122,1232,57,-63,96
10:59:55:743260,-9592,7026,-639,11253,1145,-1122,1232,57,-63,96
10:59:55:744079,-9603,7034,-635,11239,1156,-1114,1225,22,-49,95
10:59:55:750057,-9603,7034,-635,11239,1156,-1114,1225,22,-49,95
10:59:55:765785,-9603,7034,-635,11239,1156,-1114,1225,22,-49,95
10:59:55:766572,-9611,7043,-636,11227,1144,-1131,1245,-5,-38,84
10:59:55:772516,-9611,7043,-636,11227,1144,-1131,1245,-5,-38,84
10:59:55:780018,-9611,7043,-636,11227,1144,-1131,1245,-5,-38,84
10:59:55:787932,-9620,7047,-637,11217,1123,-1135,1289,-7,-38,75
10:59:55:794968,-9620,7047,-637,11217,1123,-1135,1289,-7,-38,75
10:59:55:803317,-9620,7047,-637,11217,1123,-1135,1289,-7,-38,75
10:59:55:804134,-9628,7051,-639,11207,1107,-1127,1313,-19,-48,70
10:59:55:810122,-9628,7051,-639,11207,1107,-1127,1313,-19,-48,70
10:59:55:825758,-9637,7053,-638,11198,1087,-1112,1329,-9,-57,64
10:59:55:826643,-9637,7053,-638,11198,1087,-1112,1329,-9,-57,64
10:59:55:832588,-9637,7053,-638,11198,1087,-1112,1329,-9,-57,64
10:59:55:848757,-9648,7053,-633,11189,1068,-1105,1343,9,-71,60
10:59:55:849651,-9648,7053,-633,11189,1068,-1105,1343,9,-71,60
10:59:55:855114,-9648,7053,-633,11189,1068,-1105,1343,9,-71,60
10:59:55:863566,-9660,7053,-625,11180,1068,-1122,1347,31,-85,46
10:59:55:870919,-9660,7053,-625,11180,1068,-1122,1347,31,-85,46
10:59:55:871584,-9660,7053,-625,11180,1068,-1122,1347,31,-85,46
10:59:55:893987,-9671,7052,-610,11172,1084,-1125,1354,54,-99,30
10:59:55:894701,-9671,7052,-610,11172,1084,-1125,1354,54,-99,30
10:59:55:895517,-9671,7052,-610,11172,1084,-1125,1354,54,-99,30
10:59:55:908769,-9679,7052,-590,11165,1103,-1114,1332,69,-104,12
10:59:55:908973,-9679,7052,-590,11165,1103,-1114,1332,69,-104,12
10:59:55:915024,-9679,7052,-590,11165,1103,-1114,1332,69,-104,12
10:59:55:923317,-9685,7056,-571,11159,1126,-1133,1324,60,-102,2
10:59:55:924031,-9685,7056,-571,11159,1126,-1133,1324,60,-102,2
10:59:55:930205,-9685,7056,-571,11159,1126,-1133,1324,60,-102,2
10:59:55:945930,-9692,7058,-551,11153,1123,-1131,1313,74,-98,-3
10:59:55:946525,-9692,7058,-551,11153,1123,-1131,1313,74,-98,-3
10:59:55:952586,-9692,7058,-551,11153,1123,-1131,1313,74,-98,-3
10:59:55:968343,-9699,7059,-530,11147,1120,-1106,1290,80,-92,3
10:59:55:969136,-9699,7059,-530,11147,1120,-1106,1290,80,-92,3
10:59:55:975120,-9699,7059,-530,11147,1120,-1106,1290,80,-92,3
10:59:55:983256,-9707,7060,-509,11140,1121,-1098,1266,84,-91,10
10:59:55:984281,-9707,7060,-509,11140,1121,-1098,1266,84,-91,10
10:59:55:997564,-9707,7060,-509,11140,1121,-1098,1266,84,-91,10
10:59:56:5830,-9716,7060,-488,11133,1131,-1097,1256,99,-80,20
10:59:56:6474,-9716,7060,-488,11133,1131,-1097,1256,99,-80,20
10:59:56:12524,-9716,7060,-488,11133,1131,-1097,1256,99,-80,20
10:59:56:36437,-9724,7061,-470,11126,1133,-1092,1247,80,-63,20
10:59:56:37183,-9724,7061,-470,11126,1133,-1092,1247,80,-63,20
10:59:56:38014,-9724,7061,-470,11126,1133,-1092,1247,80,-63,20
10:59:56:43514,-9729,7061,-458,11122,1146,-1103,1250,60,-42,17
10:59:56:44043,-9729,7061,-458,11122,1146,-1103,1250,60,-42,17
10:59:56:57647,-9729,7061,-458,11122,1146,-1103,1250,60,-42,17
10:59:56:65819,-9734,7061,-450,11119,1143,-1118,1278,41,-26,12
10:59:56:66448,-9734,7061,-450,11119,1143,-1118,1278,41,-26,12
10:59:56:72450,-9734,7061,-450,11119,1143,-1118,1278,41,-26,12
10:59:56:88274,-9736,7061,-446,11117,1134,-1127,1274,25,-14,9
10:59:56:89058,-9736,7061,-446,11117,1134,-1127,1274,25,-14,9
10:59:56:103911,-9736,7061,-446,11117,1134,-1127,1274,25,-14,9
10:59:56:104682,-9740,7059,-445,11115,1118,-1113,1275,17,-5,13
10:59:56:105624,-9740,7059,-445,11115,1118,-1113,1275,17,-5,13
10:59:56:117507,-9740,7059,-445,11115,1118,-1113,1275,17,-5,13
10:59:56:125965,-9742,7058,-446,11113,1106,-1114,1286,-2,-6,17
10:59:56:126417,-9742,7058,-446,11113,1106,-1114,1286,-2,-6,17
10:59:56:132827,-9742,7058,-446,11113,1106,-1114,1286,-2,-6,17
10:59:56:148266,-9747,7054,-445,11111,1091,-1113,1290,20,-9,12
10:59:56:149052,-9747,7054,-445,11111,1091,-1113,1290,20,-9,12
10:59:56:155003,-9747,7054,-445,11111,1091,-1113,1290,20,-9,12
10:59:56:163262,-9753,7048,-444,11110,1074,-1099,1309,23,-11,17
10:59:56:164050,-9753,7048,-444,11110,1074,-1099,1309,23,-11,17
10:59:56:177406,-9753,7048,-444,11110,1074,-1099,1309,23,-11,17
10:59:56:185768,-9758,7044,-444,11108,1077,-1104,1309,11,-15,17
10:59:56:186586,-9758,7044,-444,11108,1077,-1104,1309,11,-15,17
10:59:56:192418,-9758,7044,-444,11108,1077,-1104,1309,11,-15,17
10:59:56:208485,-9762,7041,-443,11106,1099,-1113,1310,17,-15,13
10:59:56:209042,-9762,7041,-443,11106,1099,-1113,1310,17,-15,13
10:59:56:215061,-9762,7041,-443,11106,1099,-1113,1310,17,-15,13
10:59:56:223225,-9768,7035,-437,11105,1104,-1070,1298,33,-12,21
10:59:56:224312,-9768,7035,-437,11105,1104,-1070,1298,33,-12,21
10:59:56:237417,-9768,7035,-437,11105,1104,-1070,1298,33,-12,21
10:59:56:246001,-9772,7032,-438,11104,1097,-1082,1294,0,-3,26
10:59:56:246569,-9772,7032,-438,11104,1097,-1082,1294,0,-3,26
10:59:56:252496,-9772,7032,-438,11104,1097,-1082,1294,0,-3,26
10:59:56:268649,-9776,7031,-442,11101,1090,-1115,1307,-10,-7,28
10:59:56:268891,-9776,7031,-442,11101,1090,-1115,1307,-10,-7,28
10:59:56:275011,-9776,7031,-442,11101,1090,-1115,1307,-10,-7,28
10:59:56:283264,-9784,7025,-439,11098,1088,-1105,1303,37,-12,29
10:59:56:284055,-9784,7025,-439,11098,1088,-1105,1303,37,-12,29
10:59:56:297485,-9784,7025,-439,11098,1088,-1105,1303,37,-12,29
10:59:56:305693,-9790,7021,-438,11094,1089,-1097,1318,15,-16,31
10:59:56:306817,-9790,7021,-438,11094,1089,-1097,1318,15,-16,31
10:59:56:313064,-9790,7021,-438,11094,1089,-1097,1318,15,-16,31
10:59:56:328748,-9797,7017,-441,11091,1077,-1104,1329,3,-12,34
10:59:56:328980,-9797,7017,-441,11091,1077,-1104,1329,3,-12,34
10:59:56:334911,-9797,7017,-441,11091,1077,-1104,1329,3,-12,34
10:59:56:343337,-9804,7010,-444,11089,1069,-1107,1338,7,-1,30
10:59:56:344233,-9804,7010,-444,11089,1069,-1107,1338,7,-1,30
10:59:56:357519,-9804,7010,-444,11089,1069,-1107,1338,7,-1,30
10:59:56:365701,-9808,7002,-452,11090,1055,-1109,1361,-19,19,17
10:59:56:366577,-9808,7002,-452,11090,1055,-1109,1361,-19,19,17
10:59:56:372799,-9808,7002,-452,11090,1055,-1109,1361,-19,19,17
10:59:56:388761,-9812,6993,-464,11093,1024,-1128,1386,-32,24,8
10:59:56:388937,-9812,6993,-464,11093,1024,-1128,1386,-32,24,8
10:59:56:395145,-9812,6993,-464,11093,1024,-1128,1386,-32,24,8
10:59:56:403328,-9817,6985,-478,11092,1011,-1162,1406,-32,8,14
10:59:56:404045,-9817,6985,-478,11092,1011,-1162,1406,-32,8,14
10:59:56:417815,-9817,6985,-478,11092,1011,-1162,1406,-32,8,14
10:59:56:425772,-9828,6973,-486,11089,994,-1150,1408,9,-10,34
10:59:56:426447,-9828,6973,-486,11089,994,-1150,1408,9,-10,34
10:59:56:432624,-9828,6973,-486,11089,994,-1150,1408,9,-10,34
10:59:56:448298,-9845,6957,-491,11084,983,-1135,1431,39,-17,55
10:59:56:449109,-9845,6957,-491,11084,983,-1135,1431,39,-17,55
10:59:56:455142,-9845,6957,-491,11084,983,-1135,1431,39,-17,55
10:59:56:463441,-9866,6938,-495,11077,968,-1126,1437,57,-19,80
10:59:56:464260,-9866,6938,-495,11077,968,-1126,1437,57,-19,80
10:59:56:477547,-9866,6938,-495,11077,968,-1126,1437,57,-19,80
10:59:56:485730,-9894,6914,-498,11067,959,-1141,1452,100,-13,103
10:59:56:486430,-9894,6914,-498,11067,959,-1141,1452,100,-13,103
10:59:56:500121,-9894,6914,-498,11067,959,-1141,1452,100,-13,103
10:59:56:508097,-9929,6879,-496,11058,937,-1114,1468,158,2,118
10:59:56:515796,-9929,6879,-496,11058,937,-1114,1468,158,2,118
10:59:56:516421,-9929,6879,-496,11058,937,-1114,1468,158,2,118
10:59:56:530674,-9965,6844,-497,11047,918,-1112,1466,150,5,140
10:59:56:531570,-9965,6844,-497,11047,918,-1112,1466,150,5,140
10:59:56:537542,-9965,6844,-497,11047,918,-1112,1466,150,5,140
10:59:56:545656,-10004,6808,-501,11034,896,-1150,1469,167,14,148
10:59:56:546440,-10004,6808,-501,11034,896,-1150,1469,167,14,148
10:59:56:552406,-10004,6808,-501,11034,896,-1150,1469,167,14,148
10:59:56:568329,-10047,6765,-502,11021,887,-1159,1476,209,26,148
10:59:56:569088,-10047,6765,-502,11021,887,-1159,1476,209,26,148
10:59:56:574986,-10047,6765,-502,11021,887,-1159,1476,209,26,148
10:59:56:583351,-10090,6720,-503,11010,886,-1167,1500,226,37,149
10:59:56:584086,-10090,6720,-503,11010,886,-1167,1500,226,37,149
10:59:56:606383,-10090,6720,-503,11010,886,-1167,1500,226,37,149
10:59:56:607189,-10133,6672,-506,10999,875,-1189,1528,227,54,146
10:59:56:607997,-10133,6672,-506,10999,875,-1189,1528,227,54,146
10:59:56:612397,-10133,6672,-506,10999,875,-1189,1528,227,54,146
10:59:56:628128,-10182,6615,-508,10988,835,-1170,1567,264,61,159
10:59:56:628961,-10182,6615,-508,10988,835,-1170,1567,264,61,159
10:59:56:634972,-10182,6615,-508,10988,835,-1170,1567,264,61,159
10:59:56:643629,-10233,6558,-510,10975,815,-1163,1547,278,63,175
10:59:56:643862,-10233,6558,-510,10975,815,-1163,1547,278,63,175
10:59:56:657701,-10233,6558,-510,10975,815,-1163,1547,278,63,175
10:59:56:665876,-10281,6509,-525,10959,801,-1226,1521,225,82,187
10:59:56:666575,-10281,6509,-525,10959,801,-1226,1521,225,82,187
10:59:56:672421,-10281,6509,-525,10959,801,-1226,1521,225,82,187
10:59:56:688473,-10338,6455,-540,10936,803,-1260,1532,273,86,238
10:59:56:689042,-10338,6455,-540,10936,803,-1260,1532,273,86,238
10:59:56:695068,-10338,6455,-540,10936,803,-1260,1532,273,86,238
10:59:56:703296,-10403,6392,-543,10911,847,-1241,1527,374,103,271
10:59:56:704096,-10403,6392,-543,10911,847,-1241,1527,374,103,271
10:59:56:718096,-10403,6392,-543,10911,847,-1241,1527,374,103,271
10:59:56:725789,-10471,6324,-544,10886,862,-1239,1538,398,120,294
10:59:56:726673,-10471,6324,-544,10886,862,-1239,1538,398,120,294
10:59:56:732650,-10471,6324,-544,10886,862,-1239,1538,398,120,294
10:59:56:748403,-10532,6264,-559,10861,927,-1239,1537,316,179,314
10:59:56:749043,-10532,6264,-559,10861,927,-1239,1537,316,179,314
10:59:56:755128,-10532,6264,-559,10861,927,-1239,1537,316,179,314
10:59:56:763341,-10595,6190,-577,10841,924,-1186,1590,325,249,331
10:59:56:764164,-10595,6190,-577,10841,924,-1186,1590,325,249,331
10:59:56:777627,-10595,6190,-577,10841,924,-1186,1590,325,249,331
10:59:56:785844,-10653,6123,-610,10820,845,-1208,1550,260,268,330
10:59:56:786597,-10653,6123,-610,10820,845,-1208,1550,260,268,330
10:59:56:792605,-10653,6123,-610,10820,845,-1208,1550,260,268,330
10:59:56:808862,-10714,6064,-647,10791,788,-1231,1491,246,232,352
10:59:56:809062,-10714,6064,-647,10791,788,-1231,1491,246,232,352
10:59:56:815170,-10714,6064,-647,10791,788,-1231,1491,246,232,352
10:59:56:823366,-10768,6021,-671,10760,838,-1249,1477,238,159,329
10:59:56:824150,-10768,6021,-671,10760,838,-1249,1477,238,159,329
10:59:56:837681,-10768,6021,-671,10760,838,-1249,1477,238,159,329
10:59:56:845927,-10815,5979,-677,10736,935,-1202,1424,285,157,280
10:59:56:846654,-10815,5979,-677,10736,935,-1202,1424,285,157,280
10:59:56:852607,-10815,5979,-677,10736,935,-1202,1424,285,157,280
10:59:56:868243,-10859,5938,-683,10714,999,-1215,1447,281,187,276
10:59:56:869210,-10859,5938,-683,10714,999,-1215,1447,281,187,276
10:59:56:875064,-10859,5938,-683,10714,999,-1215,1447,281,187,276
10:59:56:883124,-10907,5874,-675,10701,1030,-1075,1493,359,249,281
10:59:56:890137,-10907,5874,-675,10701,1030,-1075,1493,359,249,281
10:59:56:906603,-10907,5874,-675,10701,1030,-1075,1493,359,249,281
10:59:56:907427,-10942,5825,-691,10690,952,-1039,1528,170,253,254
10:59:56:908146,-10942,5825,-691,10690,952,-1039,1528,170,253,254
10:59:56:912699,-10942,5825,-691,10690,952,-1039,1528,170,253,254
10:59:56:928360,-10968,5811,-733,10669,917,-1174,1465,-5,211,273
10:59:56:929208,-10968,5811,-733,10669,917,-1174,1465,-5,211,273
10:59:56:935061,-10968,5811,-733,10669,917,-1174,1465,-5,211,273
10:59:56:942940,-10996,5798,-761,10646,954,-1231,1455,74,172,252
10:59:56:950484,-10996,5798,-761,10646,954,-1231,1455,74,172,252
10:59:56:966401,-10996,5798,-761,10646,954,-1231,1455,74,172,252
10:59:56:967277,-11023,5773,-757,10631,994,-1125,1436,198,136,202
10:59:56:968094,-11023,5773,-757,10631,994,-1125,1436,198,136,202
10:59:56:979889,-11023,5773,-757,10631,994,-1125,1436,198,136,202
10:59:56:988008,-11039,5751,-761,10627,1064,-1043,1423,107,214,173
10:59:56:995758,-11039,5751,-761,10627,1064,-1043,1423,107,214,173
10:59:56:996433,-11039,5751,-761,10627,1064,-1043,1423,107,214,173
10:59:57:2514,-11053,5718,-789,10628,1057,-1028,1527,29,335,201
10:59:57:10467,-11053,5718,-789,10628,1057,-1028,1527,29,335,201
10:59:57:17567,-11053,5718,-789,10628,1057,-1028,1527,29,335,201
10:59:57:25827,-11069,5692,-836,10622,973,-1034,1530,-68,332,248
10:59:57:26460,-11069,5692,-836,10622,973,-1034,1530,-68,332,248
10:59:57:40051,-11069,5692,-836,10622,973,-1034,1530,-68,332,248
10:59:57:48316,-11086,5675,-898,10607,891,-1112,1507,-116,321,279
10:59:57:49080,-11086,5675,-898,10607,891,-1112,1507,-116,321,279
10:59:57:54952,-11086,5675,-898,10607,891,-1112,1507,-116,321,279
10:59:57:62526,-11104,5665,-948,10589,857,-1170,1465,-65,247,252
10:59:57:70156,-11104,5665,-948,10589,857,-1170,1465,-65,247,252
10:59:57:77516,-11104,5665,-948,10589,857,-1170,1465,-65,247,252
10:59:57:85697,-11127,5636,-969,10579,867,-1129,1466,102,222,202
10:59:57:86443,-11127,5636,-969,10579,867,-1129,1466,102,222,202
10:59:57:100043,-11127,5636,-969,10579,867,-1129,1466,102,222,202
10:59:57:108246,-11146,5606,-980,10574,910,-1109,1478,132,218,174
10:59:57:108991,-11146,5606,-980,10574,910,-1109,1478,132,218,174
10:59:57:115024,-11146,5606,-980,10574,910,-1109,1478,132,218,174
10:59:57:122849,-11168,5556,-981,10577,931,-967,1587,160,264,170
10:59:57:130154,-11168,5556,-981,10577,931,-967,1587,160,264,170
10:59:57:137627,-11168,5556,-981,10577,931,-967,1587,160,264,170
10:59:57:145848,-11181,5534,-997,10573,825,-948,1408,34,202,161
10:59:57:146601,-11181,5534,-997,10573,825,-948,1408,34,202,161
10:59:57:160038,-11181,5534,-997,10573,825,-948,1408,34,202,161
10:59:57:168582,-11185,5547,-1045,10558,771,-1153,1441,-169,153,168
10:59:57:168872,-11185,5547,-1045,10558,771,-1153,1441,-169,153,168
10:59:57:174978,-11185,5547,-1045,10558,771,-1153,1441,-169,153,168
10:59:57:182533,-11203,5548,-1058,10537,779,-1205,1409,59,57,174
10:59:57:189960,-11203,5548,-1058,10537,779,-1205,1409,59,57,174
10:59:57:197414,-11203,5548,-1058,10537,779,-1205,1409,59,57,174
10:59:57:206194,-11230,5523,-1027,10524,852,-1084,1423,282,27,144
10:59:57:212522,-11230,5523,-1027,10524,852,-1084,1423,282,27,144
10:59:57:220012,-11230,5523,-1027,10524,852,-1084,1423,282,27,144
10:59:57:228181,-11259,5488,-989,10515,863,-948,1480,285,33,152
10:59:57:228962,-11259,5488,-989,10515,863,-948,1480,285,33,152
10:59:57:235051,-11259,5488,-989,10515,863,-948,1480,285,33,152
10:59:57:242660,-11276,5468,-981,10508,801,-961,1481,106,77,130
10:59:57:250000,-11276,5468,-981,10508,801,-961,1481,106,77,130
10:59:57:257556,-11276,5468,-981,10508,801,-961,1481,106,77,130
10:59:57:265731,-11288,5472,-995,10492,747,-1067,1477,-36,42,151
10:59:57:266487,-11288,5472,-995,10492,747,-1067,1477,-36,42,151
10:59:57:279979,-11288,5472,-995,10492,747,-1067,1477,-36,42,151
10:59:57:288287,-11304,5479,-1011,10470,704,-1182,1467,1,11,154
10:59:57:289101,-11304,5479,-1011,10470,704,-1182,1467,1,11,154
10:59:57:295077,-11304,5479,-1011,10470,704,-1182,1467,1,11,154
10:59:57:302659,-11332,5463,-997,10449,702,-1169,1498,208,-30,152
10:59:57:310102,-11332,5463,-997,10449,702,-1169,1498,208,-30,152
10:59:57:317653,-11332,5463,-997,10449,702,-1169,1498,208,-30,152
10:59:57:325820,-11364,5434,-966,10432,718,-1075,1507,287,-35,140
10:59:57:326639,-11364,5434,-966,10432,718,-1075,1507,287,-35,140
10:59:57:340132,-11364,5434,-966,10432,718,-1075,1507,287,-35,140
10:59:57:348182,-11389,5411,-945,10419,728,-1049,1528,206,-9,127
10:59:57:349112,-11389,5411,-945,10419,728,-1049,1528,206,-9,127
10:59:57:355122,-11389,5411,-945,10419,728,-1049,1528,206,-9,127
10:59:57:362719,-11411,5390,-938,10406,694,-1050,1561,133,22,127
10:59:57:378262,-11411,5390,-938,10406,694,-1050,1561,133,22,127
10:59:57:378935,-11411,5390,-938,10406,694,-1050,1561,133,22,127
10:59:57:385553,-11429,5386,-942,10388,670,-1117,1484,74,-1,136
10:59:57:393027,-11429,5386,-942,10388,670,-1117,1484,74,-1,136
10:59:57:400218,-11429,5386,-942,10388,670,-1117,1484,74,-1,136
10:59:57:416806,-11444,5381,-930,10375,767,-1090,1502,110,-7,103
10:59:57:417060,-11444,5381,-930,10375,767,-1090,1502,110,-7,103
10:59:57:418139,-11444,5381,-930,10375,767,-1090,1502,110,-7,103
10:59:57:422817,-11451,5364,-908,10378,786,-980,1536,134,27,25
10:59:57:430115,-11451,5364,-908,10378,786,-980,1536,134,27,25
10:59:57:437656,-11451,5364,-908,10378,786,-980,1536,134,27,25
10:59:57:453414,-11448,5361,-895,10385,743,-924,1537,6,10,-19
10:59:57:454234,-11448,5361,-895,10385,743,-924,1537,6,10,-19
10:59:57:460484,-11448,5361,-895,10385,743,-924,1537,6,10,-19
10:59:57:468284,-11432,5373,-886,10397,768,-996,1565,-67,-17,-88
10:59:57:469100,-11432,5373,-886,10397,768,-996,1565,-67,-17,-88
10:59:57:474974,-11432,5373,-886,10397,768,-996,1565,-67,-17,-88
10:59:57:482479,-11415,5379,-871,10414,823,-1079,1611,2,2,-124
10:59:57:490040,-11415,5379,-871,10414,823,-1079,1611,2,2,-124
10:59:57:497718,-11415,5379,-871,10414,823,-1079,1611,2,2,-124
10:59:57:505738,-11404,5362,-851,10435,790,-1093,1635,119,56,-135
10:59:57:506457,-11404,5362,-851,10435,790,-1093,1635,119,56,-135
10:59:57:520673,-11404,5362,-851,10435,790,-1093,1635,119,56,-135
10:59:57:521687,-11407,5328,-832,10452,781,-1032,1708,172,86,-53
10:59:57:527644,-11407,5328,-832,10452,781,-1032,1708,172,86,-53
10:59:57:535119,-11407,5328,-832,10452,781,-1032,1708,172,86,-53
10:59:57:550707,-11413,5296,-816,10462,783,-1019,1705,151,86,-8
10:59:57:551682,-11413,5296,-816,10462,783,-1019,1705,151,86,-8
10:59:57:557716,-11413,5296,-816,10462,783,-1019,1705,151,86,-8
10:59:57:565884,-11419,5269,-811,10469,825,-1054,1700,112,127,24
10:59:57:566648,-11419,5269,-811,10469,825,-1054,1700,112,127,24
10:59:57:580468,-11419,5269,-811,10469,825,-1054,1700,112,127,24
10:59:57:588422,-11425,5237,-815,10480,872,-1059,1644,127,220,40
10:59:57:589149,-11425,5237,-815,10480,872,-1059,1644,127,220,40
10:59:57:595162,-11425,5237,-815,10480,872,-1059,1644,127,220,40
10:59:57:602576,-11439,5184,-827,10490,792,-998,1602,181,299,84
10:59:57:610168,-11439,5184,-827,10490,792,-998,1602,181,299,84
10:59:57:617678,-11439,5184,-827,10490,792,-998,1602,181,299,84
10:59:57:625895,-11457,5127,-832,10497,717,-989,1566,240,260,80
10:59:57:626686,-11457,5127,-832,10497,717,-989,1566,240,260,80
10:59:57:640255,-11457,5127,-832,10497,717,-989,1566,240,260,80
10:59:57:656790,-11473,5074,-831,10506,774,-907,1510,225,271,84
10:59:57:657040,-11473,5074,-831,10506,774,-907,1510,225,271,84
10:59:57:658108,-11473,5074,-831,10506,774,-907,1510,225,271,84
10:59:57:662584,-11484,5037,-838,10511,836,-948,1394,182,284,102
10:59:57:670120,-11484,5037,-838,10511,836,-948,1394,182,284,102
10:59:57:677617,-11484,5037,-838,10511,836,-948,1394,182,284,102
10:59:57:685566,-11495,4999,-839,10517,790,-929,1426,190,252,78
10:59:57:701257,-11495,4999,-839,10517,790,-929,1426,190,252,78
10:59:57:708824,-11495,4999,-839,10517,790,-929,1426,190,252,78
10:59:57:709780,-11498,4976,-873,10521,823,-921,1334,23,353,123
10:59:57:710507,-11498,4976,-873,10521,823,-921,1334,23,353,123
10:59:57:715033,-11498,4976,-873,10521,823,-921,1334,23,353,123
10:59:57:723144,-11501,4947,-917,10528,671,-818,1412,-62,346,113
10:59:57:730178,-11501,4947,-917,10528,671,-818,1412,-62,346,113
10:59:57:737911,-11501,4947,-917,10528,671,-818,1412,-62,346,113
10:59:57:745807,-11489,4943,-967,10539,730,-766,1528,-254,303,73
10:59:57:746689,-11489,4943,-967,10539,730,-766,1528,-254,303,73
10:59:57:760180,-11489,4943,-967,10539,730,-766,1528,-254,303,73
10:59:57:768719,-11458,4978,-1051,10548,773,-754,1451,-564,331,69
10:59:57:768943,-11458,4978,-1051,10548,773,-754,1451,-564,331,69
10:59:57:775041,-11458,4978,-1051,10548,773,-754,1451,-564,331,69
10:59:57:782620,-11412,5049,-1151,10554,879,-945,1359,-687,328,53
10:59:57:790118,-11412,5049,-1151,10554,879,-945,1359,-687,328,53
10:59:57:797453,-11412,5049,-1151,10554,879,-945,1359,-687,328,53
10:59:57:805862,-11370,5112,-1248,10557,978,-998,1286,-606,385,98
10:59:57:806614,-11370,5112,-1248,10557,978,-998,1286,-606,385,98
10:59:57:828777,-11370,5112,-1248,10557,978,-998,1286,-606,385,98
10:59:57:829635,-11336,5159,-1352,10559,1009,-895,1264,-606,491,186
10:59:57:830478,-11336,5159,-1352,10559,1009,-895,1264,-606,491,186
10:59:57:835049,-11336,5159,-1352,10559,1009,-895,1264,-606,491,186
10:59:57:842650,-11301,5204,-1497,10555,766,-1068,1366,-723,521,191
10:59:57:850024,-11301,5204,-1497,10555,766,-1068,1366,-723,521,191
10:59:57:857577,-11301,5204,-1497,10555,766,-1068,1366,-723,521,191
10:59:57:865853,-11277,5243,-1643,10539,716,-1230,1461,-657,491,253
10:59:57:866430,-11277,5243,-1643,10539,716,-1230,1461,-657,491,253
10:59:57:880047,-11277,5243,-1643,10539,716,-1230,1461,-657,491,253
10:59:57:888250,-11257,5277,-1763,10524,777,-1254,1345,-510,461,241
10:59:57:889032,-11257,5277,-1763,10524,777,-1254,1345,-510,461,241
10:59:57:903213,-11257,5277,-1763,10524,777,-1254,1345,-510,461,241
10:59:57:904027,-11254,5281,-1859,10509,783,-1265,1497,-327,444,294
10:59:57:909965,-11254,5281,-1859,10509,783,-1265,1497,-327,444,294
10:59:57:917488,-11254,5281,-1859,10509,783,-1265,1497,-327,444,294
10:59:57:925045,-11258,5281,-1950,10488,660,-1305,1485,-271,382,289
10:59:57:932806,-11258,5281,-1950,10488,660,-1305,1485,-271,382,289
10:59:57:940049,-11258,5281,-1950,10488,660,-1305,1485,-271,382,289
10:59:57:948692,-11265,5283,-2048,10461,625,-1342,1481,-294,385,338
10:59:57:948939,-11265,5283,-2048,10461,625,-1342,1481,-294,385,338
10:59:57:963513,-11265,5283,-2048,10461,625,-1342,1481,-294,385,338
10:59:57:964104,-11268,5290,-2143,10435,475,-1406,1511,-300,294,259
10:59:57:978258,-11268,5290,-2143,10435,475,-1406,1511,-300,294,259
10:59:57:979056,-11268,5290,-2143,10435,475,-1406,1511,-300,294,259
10:59:57:985137,-11302,5269,-2177,10402,239,-1324,1633,-3,20,238
10:59:58:591,-11302,5269,-2177,10402,239,-1324,1633,-3,20,238
10:59:58:1408,-11302,5269,-2177,10402,239,-1324,1633,-3,20,238
10:59:58:8189,-11332,5265,-2185,10370,161,-1257,1660,-21,-174,148
10:59:58:9019,-11332,5265,-2185,10370,161,-1257,1660,-21,-174,148
10:59:58:23368,-11332,5265,-2185,10370,161,-1257,1660,-21,-174,148
10:59:58:23992,-11347,5305,-2181,10334,257,-1341,1765,-182,-342,78
10:59:58:29971,-11347,5305,-2181,10334,257,-1341,1765,-182,-342,78
10:59:58:37541,-11347,5305,-2181,10334,257,-1341,1765,-182,-342,78
10:59:58:45002,-11352,5352,-2162,10307,262,-1352,1762,-166,-410,-29
10:59:58:52407,-11352,5352,-2162,10307,262,-1352,1762,-166,-410,-29
10:59:58:59974,-11352,5352,-2162,10307,262,-1352,1762,-166,-410,-29
10:59:58:68971,-11362,5389,-2131,10284,67,-1216,1800,-147,-503,-95
10:59:58:69683,-11362,5389,-2131,10284,67,-1216,1800,-147,-503,-95
10:59:58:83202,-11362,5389,-2131,10284,67,-1216,1800,-147,-503,-95
10:59:58:84006,-11334,5482,-2141,10264,20,-1212,1616,-523,-507,-220
10:59:58:89945,-11334,5482,-2141,10264,20,-1212,1616,-523,-507,-220
10:59:58:97449,-11334,5482,-2141,10264,20,-1212,1616,-523,-507,-220
10:59:58:105016,-11297,5617,-2157,10227,-41,-1400,1599,-673,-690,-260
10:59:58:112384,-11297,5617,-2157,10227,-41,-1400,1599,-673,-690,-260
10:59:58:119980,-11297,5617,-2157,10227,-41,-1400,1599,-673,-690,-260
10:59:58:135736,-11271,5750,-2125,10189,39,-1528,1572,-432,-847,-306
10:59:58:136556,-11271,5750,-2125,10189,39,-1528,1572,-432,-847,-306
10:59:58:143241,-11271,5750,-2125,10189,39,-1528,1572,-432,-847,-306
10:59:58:144048,-11274,5824,-2031,10162,112,-1492,1744,2,-895,-307
10:59:58:149967,-11274,5824,-2031,10162,112,-1492,1744,2,-895,-307
10:59:58:157389,-11274,5824,-2031,10162,112,-1492,1744,2,-895,-307
10:59:58:165093,-11288,5849,-1905,10157,230,-1420,1871,270,-790,-340
10:59:58:172528,-11288,5849,-1905,10157,230,-1420,1871,270,-790,-340
10:59:58:180038,-11288,5849,-1905,10157,230,-1420,1871,270,-790,-340
10:59:58:188709,-11288,5858,-1797,10172,272,-1250,1847,206,-607,-392
10:59:58:189007,-11288,5858,-1797,10172,272,-1250,1847,206,-607,-392
10:59:58:203224,-11288,5858,-1797,10172,272,-1250,1847,206,-607,-392
10:59:58:204032,-11267,5897,-1750,10181,138,-1220,1770,-157,-527,-379
10:59:58:210005,-11267,5897,-1750,10181,138,-1220,1770,-157,-527,-379
10:59:58:217471,-11267,5897,-1750,10181,138,-1220,1770,-157,-527,-379
10:59:58:225107,-11227,5986,-1763,10171,121,-1404,1731,-529,-499,-323
10:59:58:240700,-11227,5986,-1763,10171,121,-1404,1731,-529,-499,-323
10:59:58:241408,-11227,5986,-1763,10171,121,-1404,1731,-529,-499,-323
10:59:58:255746,-11198,6062,-1765,10157,210,-1515,1720,-385,-485,-272
10:59:58:256501,-11198,6062,-1765,10157,210,-1515,1720,-385,-485,-272
10:59:58:263325,-11198,6062,-1765,10157,210,-1515,1720,-385,-485,-272
10:59:58:264137,-11184,6085,-1727,10165,314,-1453,1681,-10,-373,-317
10:59:58:270644,-11184,6085,-1727,10165,314,-1453,1681,-10,-373,-317
10:59:58:277660,-11184,6085,-1727,10165,314,-1453,1681,-10,-373,-317
10:59:58:285179,-11179,6069,-1681,10189,342,-1289,1696,133,-236,-304
10:59:58:292471,-11179,6069,-1681,10189,342,-1289,1696,133,-236,-304
10:59:58:300389,-11179,6069,-1681,10189,342,-1289,1696,133,-236,-304
10:59:58:308507,-11159,6066,-1663,10215,395,-1270,1646,-34,-130,-298
10:59:58:309026,-11159,6066,-1663,10215,395,-1270,1646,-34,-130,-298
10:59:58:323508,-11159,6066,-1663,10215,395,-1270,1646,-34,-130,-298
10:59:58:324097,-11129,6067,-1666,10247,457,-1348,1671,-113,-29,-303
10:59:58:330109,-11129,6067,-1666,10247,457,-1348,1671,-113,-29,-303
10:59:58:337806,-11129,6067,-1666,10247,457,-1348,1671,-113,-29,-303
10:59:58:345004,-11100,6067,-1678,10276,486,-1372,1590,-106,21,-264
10:59:58:352569,-11100,6067,-1678,10276,486,-1372,1590,-106,21,-264
10:59:58:368919,-11100,6067,-1678,10276,486,-1372,1590,-106,21,-264
10:59:58:369701,-11079,6065,-1692,10297,521,-1406,1540,-63,41,-193
10:59:58:370428,-11079,6065,-1692,10297,521,-1406,1540,-63,41,-193
10:59:58:383449,-11079,6065,-1692,10297,521,-1406,1540,-63,41,-193
10:59:58:384083,-11070,6051,-1700,10314,559,-1362,1531,12,67,-122
10:59:58:390073,-11070,6051,-1700,10314,559,-1362,1531,12,67,-122
10:59:58:397562,-11070,6051,-1700,10314,559,-1362,1531,12,67,-122
10:59:58:430189,-11066,6028,-1714,10330,564,-1333,1526,29,114,-77
10:59:58:430926,-11066,6028,-1714,10330,564,-1333,1526,29,114,-77
10:59:58:431738,-11066,6028,-1714,10330,564,-1333,1526,29,114,-77
10:59:58:432582,-11058,6003,-1730,10350,584,-1305,1510,19,159,-84
10:59:58:444103,-11058,6003,-1730,10350,584,-1305,1510,19,159,-84
10:59:58:444701,-11058,6003,-1730,10350,584,-1305,1510,19,159,-84
10:59:58:445406,-11048,5978,-1746,10373,563,-1250,1485,8,157,-99
10:59:58:449961,-11048,5978,-1746,10373,563,-1250,1485,8,157,-99
10:59:58:457709,-11048,5978,-1746,10373,563,-1250,1485,8,157,-99
10:59:58:465233,-11033,5967,-1765,10392,543,-1206,1453,-72,118,-103
10:59:58:472474,-11033,5967,-1765,10392,543,-1206,1453,-72,118,-103
10:59:58:480789,-11033,5967,-1765,10392,543,-1206,1453,-72,118,-103
10:59:58:481419,-11015,5969,-1783,10406,538,-1249,1407,-98,65,-111
10:59:58:487782,-11015,5969,-1783,10406,538,-1249,1407,-98,65,-111
10:59:58:503572,-11015,5969,-1783,10406,538,-1249,1407,-98,65,-111
10:59:58:504139,-10999,5975,-1785,10419,592,-1293,1430,-47,3,-129
10:59:58:510376,-10999,5975,-1785,10419,592,-1293,1430,-47,3,-129
10:59:58:517611,-10999,5975,-1785,10419,592,-1293,1430,-47,3,-129
10:59:58:525224,-10982,5980,-1769,10438,609,-1261,1407,23,-40,-179
10:59:58:532458,-10982,5980,-1769,10438,609,-1261,1407,23,-40,-179
10:59:58:540819,-10982,5980,-1769,10438,609,-1261,1407,23,-40,-179
10:59:58:541565,-10959,5991,-1739,10460,627,-1189,1391,16,-95,-230
10:59:58:547493,-10959,5991,-1739,10460,627,-1189,1391,16,-95,-230
10:59:58:571317,-10959,5991,-1739,10460,627,-1189,1391,16,-95,-230
10:59:58:572455,-10930,6017,-1708,10481,618,-1164,1393,-57,-161,-260
10:59:58:572925,-10930,6017,-1708,10481,618,-1164,1393,-57,-161,-260
10:59:58:577551,-10930,6017,-1708,10481,618,-1164,1393,-57,-161,-260
10:59:58:585055,-10894,6062,-1672,10497,632,-1138,1310,-112,-245,-287
10:59:58:592480,-10894,6062,-1672,10497,632,-1138,1310,-112,-245,-287
10:59:58:600461,-10894,6062,-1672,10497,632,-1138,1310,-112,-245,-287
10:59:58:608646,-10850,6134,-1640,10507,765,-1240,1363,-232,-298,-275
10:59:58:608872,-10850,6134,-1640,10507,765,-1240,1363,-232,-298,-275
10:59:58:623142,-10850,6134,-1640,10507,765,-1240,1363,-232,-298,-275
10:59:58:624169,-10810,6202,-1603,10514,835,-1364,1364,-145,-291,-264
10:59:58:630148,-10810,6202,-1603,10514,835,-1364,1364,-145,-291,-264
10:59:58:645834,-10810,6202,-1603,10514,835,-1364,1364,-145,-291,-264
10:59:58:646559,-10785,6237,-1542,10528,861,-1286,1385,59,-262,-259
10:59:58:652591,-10785,6237,-1542,10528,861,-1286,1385,59,-262,-259
10:59:58:668910,-10785,6237,-1542,10528,861,-1286,1385,59,-262,-259
10:59:58:669840,-10760,6267,-1486,10544,863,-1159,1423,2,-227,-223
10:59:58:670509,-10760,6267,-1486,10544,863,-1159,1423,2,-227,-223
10:59:58:683333,-10760,6267,-1486,10544,863,-1159,1423,2,-227,-223
10:59:58:684179,-10729,6320,-1464,10546,854,-1235,1418,-201,-228,-162
10:59:58:690149,-10729,6320,-1464,10546,854,-1235,1418,-201,-228,-162
10:59:58:697735,-10729,6320,-1464,10546,854,-1235,1418,-201,-228,-162
10:59:58:705215,-10709,6373,-1453,10537,867,-1373,1451,-183,-220,-88
10:59:58:712881,-10709,6373,-1453,10537,867,-1373,1451,-183,-220,-88
10:59:58:720444,-10709,6373,-1453,10537,867,-1373,1451,-183,-220,-88
10:59:58:728595,-10700,6407,-1434,10528,837,-1362,1446,-67,-204,-58
10:59:58:729020,-10700,6407,-1434,10528,837,-1362,1446,-67,-204,-58
10:59:58:743290,-10700,6407,-1434,10528,837,-1362,1446,-67,-204,-58
10:59:58:743934,-10698,6423,-1407,10523,803,-1271,1457,5,-182,-56
10:59:58:750017,-10698,6423,-1407,10523,803,-1271,1457,5,-182,-56
10:59:58:757537,-10698,6423,-1407,10523,803,-1271,1457,5,-182,-56
10:59:58:765060,-10696,6441,-1389,10517,795,-1252,1481,-48,-168,-33
10:59:58:772508,-10696,6441,-1389,10517,795,-1252,1481,-48,-168,-33
10:59:58:780643,-10696,6441,-1389,10517,795,-1252,1481,-48,-168,-33
10:59:58:781489,-10696,6460,-1380,10506,771,-1291,1488,-76,-165,-8
10:59:58:794981,-10696,6460,-1380,10506,771,-1291,1488,-76,-165,-8
10:59:58:803176,-10696,6460,-1380,10506,771,-1291,1488,-76,-165,-8
10:59:58:804028,-10700,6477,-1372,10493,765,-1308,1463,-51,-158,16
10:59:58:809989,-10700,6477,-1372,10493,765,-1308,1463,-51,-158,16
10:59:58:817556,-10700,6477,-1372,10493,765,-1308,1463,-51,-158,16
10:59:58:833132,-10708,6487,-1360,10480,774,-1313,1461,9,-146,21
10:59:58:833929,-10708,6487,-1360,10480,774,-1313,1461,9,-146,21
10:59:58:840672,-10708,6487,-1360,10480,774,-1313,1461,9,-146,21
10:59:58:841690,-10720,6486,-1345,10470,767,-1276,1455,50,-112,30
10:59:58:855278,-10720,6486,-1345,10470,767,-1276,1455,50,-112,30
10:59:58:863334,-10720,6486,-1345,10470,767,-1276,1455,50,-112,30
10:59:58:864255,-10732,6483,-1336,10461,773,-1248,1437,35,-82,48
10:59:58:870199,-10732,6483,-1336,10461,773,-1248,1437,35,-82,48
10:59:58:885798,-10732,6483,-1336,10461,773,-1248,1437,35,-82,48
10:59:58:886471,-10745,6481,-1340,10449,758,-1279,1449,-8,-44,79
10:59:58:892464,-10745,6481,-1340,10449,758,-1279,1449,-8,-44,79
10:59:58:900771,-10745,6481,-1340,10449,758,-1279,1449,-8,-44,79
10:59:58:901423,-10761,6473,-1348,10436,777,-1308,1447,18,-8,104
10:59:58:915334,-10761,6473,-1348,10436,777,-1308,1447,18,-8,104
10:59:58:923386,-10761,6473,-1348,10436,777,-1308,1447,18,-8,104
10:59:58:924230,-10779,6458,-1356,10426,776,-1300,1423,54,33,115
10:59:58:930491,-10779,6458,-1356,10426,776,-1300,1423,54,33,115
10:59:58:945697,-10779,6458,-1356,10426,776,-1300,1423,54,33,115
10:59:58:946567,-10794,6441,-1369,10419,801,-1295,1414,48,81,112
10:59:58:952805,-10794,6441,-1369,10419,801,-1295,1414,48,81,112
10:59:58:960669,-10794,6441,-1369,10419,801,-1295,1414,48,81,112
10:59:58:961649,-10807,6421,-1390,10415,793,-1300,1404,23,130,110
10:59:58:975159,-10807,6421,-1390,10415,793,-1300,1404,23,130,110
10:59:58:983203,-10807,6421,-1390,10415,793,-1300,1404,23,130,110
10:59:58:984097,-10817,6401,-1419,10413,747,-1277,1408,-17,153,111
10:59:58:990166,-10817,6401,-1419,10413,747,-1277,1408,-17,153,111
